-- MySQL dump 10.13  Distrib 8.0.13, for Win64 (x86_64)
--
-- Host: localhost    Database: dbproject
-- ------------------------------------------------------
-- Server version	8.0.13

/*!40101 SET @OLD_CHARACTER_SET_CLIENT=@@CHARACTER_SET_CLIENT */;
/*!40101 SET @OLD_CHARACTER_SET_RESULTS=@@CHARACTER_SET_RESULTS */;
/*!40101 SET @OLD_COLLATION_CONNECTION=@@COLLATION_CONNECTION */;
 SET NAMES utf8 ;
/*!40103 SET @OLD_TIME_ZONE=@@TIME_ZONE */;
/*!40103 SET TIME_ZONE='+00:00' */;
/*!40014 SET @OLD_UNIQUE_CHECKS=@@UNIQUE_CHECKS, UNIQUE_CHECKS=0 */;
/*!40014 SET @OLD_FOREIGN_KEY_CHECKS=@@FOREIGN_KEY_CHECKS, FOREIGN_KEY_CHECKS=0 */;
/*!40101 SET @OLD_SQL_MODE=@@SQL_MODE, SQL_MODE='NO_AUTO_VALUE_ON_ZERO' */;
/*!40111 SET @OLD_SQL_NOTES=@@SQL_NOTES, SQL_NOTES=0 */;

--
-- Table structure for table `assignmentbuilding`
--

DROP TABLE IF EXISTS `assignmentbuilding`;
/*!40101 SET @saved_cs_client     = @@character_set_client */;
 SET character_set_client = utf8mb4 ;
CREATE TABLE `assignmentbuilding` (
  `id` bigint(20) NOT NULL AUTO_INCREMENT,
  `user_id` bigint(20) NOT NULL,
  `building_id` bigint(20) NOT NULL,
  `createddate` datetime DEFAULT NULL,
  `modifieddate` datetime DEFAULT NULL,
  `createdby` varchar(255) DEFAULT NULL,
  `modifiedby` varchar(255) DEFAULT NULL,
  PRIMARY KEY (`id`),
  KEY `FKqjjmovo3nsqr6euq8uoe5otuu` (`building_id`),
  KEY `FKlqpeagdt67kd8ltn0sj1ls18m` (`user_id`),
  CONSTRAINT `FKlqpeagdt67kd8ltn0sj1ls18m` FOREIGN KEY (`user_id`) REFERENCES `user` (`id`),
  CONSTRAINT `FKqjjmovo3nsqr6euq8uoe5otuu` FOREIGN KEY (`building_id`) REFERENCES `building` (`id`)
) ENGINE=InnoDB AUTO_INCREMENT=6 DEFAULT CHARSET=utf8mb4 COLLATE=utf8mb4_0900_ai_ci;
/*!40101 SET character_set_client = @saved_cs_client */;

--
-- Dumping data for table `assignmentbuilding`
--

LOCK TABLES `assignmentbuilding` WRITE;
/*!40000 ALTER TABLE `assignmentbuilding` DISABLE KEYS */;
INSERT INTO `assignmentbuilding` VALUES (1,2,1,NULL,NULL,NULL,NULL),(2,2,3,NULL,NULL,NULL,NULL),(3,3,1,NULL,NULL,NULL,NULL),(4,3,4,NULL,NULL,NULL,NULL),(5,4,35,NULL,NULL,NULL,NULL);
/*!40000 ALTER TABLE `assignmentbuilding` ENABLE KEYS */;
UNLOCK TABLES;

--
-- Table structure for table `assignmentcustomer`
--

DROP TABLE IF EXISTS `assignmentcustomer`;
/*!40101 SET @saved_cs_client     = @@character_set_client */;
 SET character_set_client = utf8mb4 ;
CREATE TABLE `assignmentcustomer` (
  `id` bigint(20) NOT NULL AUTO_INCREMENT,
  `staff_id` bigint(20) NOT NULL,
  `customer_id` bigint(20) NOT NULL,
  `createddate` datetime DEFAULT NULL,
  `modifieddate` datetime DEFAULT NULL,
  `createdby` varchar(255) DEFAULT NULL,
  `modifiedby` varchar(255) DEFAULT NULL,
  PRIMARY KEY (`id`),
  KEY `FKmf86hibduemj3x45h7kmsglut` (`customer_id`),
  KEY `FKddb9krn420f0a25bnjl89hsn4` (`staff_id`),
  CONSTRAINT `FKddb9krn420f0a25bnjl89hsn4` FOREIGN KEY (`staff_id`) REFERENCES `user` (`id`),
  CONSTRAINT `FKmf86hibduemj3x45h7kmsglut` FOREIGN KEY (`customer_id`) REFERENCES `customer` (`id`)
) ENGINE=InnoDB AUTO_INCREMENT=4 DEFAULT CHARSET=utf8mb4 COLLATE=utf8mb4_0900_ai_ci;
/*!40101 SET character_set_client = @saved_cs_client */;

--
-- Dumping data for table `assignmentcustomer`
--

LOCK TABLES `assignmentcustomer` WRITE;
/*!40000 ALTER TABLE `assignmentcustomer` DISABLE KEYS */;
INSERT INTO `assignmentcustomer` VALUES (2,2,1,NULL,NULL,NULL,NULL),(3,4,1,NULL,NULL,NULL,NULL);
/*!40000 ALTER TABLE `assignmentcustomer` ENABLE KEYS */;
UNLOCK TABLES;

--
-- Table structure for table `building`
--

DROP TABLE IF EXISTS `building`;
/*!40101 SET @saved_cs_client     = @@character_set_client */;
 SET character_set_client = utf8mb4 ;
CREATE TABLE `building` (
  `id` bigint(20) NOT NULL AUTO_INCREMENT,
  `name` varchar(255) DEFAULT NULL,
  `street` varchar(255) DEFAULT NULL,
  `ward` varchar(255) DEFAULT NULL,
  `district` varchar(255) DEFAULT NULL,
  `structure` varchar(255) DEFAULT NULL,
  `numberofbasement` int(11) DEFAULT NULL,
  `floorarea` int(11) DEFAULT NULL,
  `direction` varchar(255) DEFAULT NULL,
  `level` varchar(255) DEFAULT NULL,
  `rentprice` int(11) DEFAULT NULL,
  `rentpricedescription` varchar(255) DEFAULT NULL,
  `servicefee` varchar(255) DEFAULT NULL,
  `carfee` varchar(255) DEFAULT NULL,
  `motofee` varchar(255) DEFAULT NULL,
  `overtimefee` varchar(255) DEFAULT NULL,
  `waterfee` varchar(255) DEFAULT NULL,
  `electricityfee` varchar(255) DEFAULT NULL,
  `deposit` varchar(255) DEFAULT NULL,
  `payment` varchar(255) DEFAULT NULL,
  `renttime` varchar(255) DEFAULT NULL,
  `decorationtime` varchar(255) DEFAULT NULL,
  `brokeragetee` varchar(255) DEFAULT NULL,
  `type` varchar(255) DEFAULT NULL,
  `note` varchar(255) DEFAULT NULL,
  `linkofbuilding` varchar(255) DEFAULT NULL,
  `map` varchar(255) DEFAULT NULL,
  `avatar` varchar(255) DEFAULT NULL,
  `createddate` datetime DEFAULT NULL,
  `modifieddate` datetime DEFAULT NULL,
  `createdby` varchar(255) DEFAULT NULL,
  `modifiedby` varchar(255) DEFAULT NULL,
  `managername` varchar(255) DEFAULT NULL,
  `managerphone` int(11) DEFAULT NULL,
  `image` varchar(255) DEFAULT NULL,
  PRIMARY KEY (`id`)
) ENGINE=InnoDB AUTO_INCREMENT=36 DEFAULT CHARSET=utf8mb4 COLLATE=utf8mb4_0900_ai_ci;
/*!40101 SET character_set_client = @saved_cs_client */;

--
-- Dumping data for table `building`
--

LOCK TABLES `building` WRITE;
/*!40000 ALTER TABLE `building` DISABLE KEYS */;
INSERT INTO `building` VALUES (1,'Nam Thong Building Tower','59 phan xích long','Phường 2','QUAN_1','',2,500,'','',15,'15 triệu/m2','',NULL,NULL,'',NULL,NULL,NULL,NULL,NULL,NULL,NULL,'NGUYEN_CAN,NOI_THAT','',NULL,NULL,NULL,NULL,'2023-05-08 19:04:50',NULL,'nguyenvana',NULL,NULL,NULL),(2,'ACM Tower','96 cao thắng','Phường 4','QUAN_2',NULL,2,650,NULL,NULL,18,'18 triệu/m2',NULL,NULL,NULL,NULL,NULL,NULL,NULL,NULL,NULL,NULL,NULL,'NGUYEN_CAN',NULL,NULL,NULL,NULL,NULL,NULL,NULL,NULL,'Kelvin Nguyễn',356984215,NULL),(3,'Alpha 2 Building Tower','153 nguyễn đình chiểu','Phường 6','QUAN_1',NULL,1,200,NULL,NULL,20,'20 triệu/m2',NULL,NULL,NULL,NULL,NULL,NULL,NULL,NULL,NULL,NULL,NULL,'NOI_THAT',NULL,NULL,NULL,NULL,NULL,NULL,NULL,NULL,'Trấn Thành',98657524,NULL),(4,'IDD 1 Building','111 Lý Chính Thắng','Phường 7','QUAN_4',NULL,1,200,NULL,NULL,12,'12 triệu/m2',NULL,NULL,NULL,NULL,NULL,NULL,NULL,NULL,NULL,NULL,NULL,'TANG_TRET,NGUYEN_CAN,NOI_THAT',NULL,NULL,NULL,NULL,NULL,NULL,NULL,NULL,'Boyka',15478535,NULL),(5,'thong test project','nguyen tan','nam trung','Chọn quận','',10,670,'','',13,'13 triệu/m2','',NULL,NULL,'',NULL,NULL,NULL,NULL,NULL,NULL,NULL,'TANG_TRET','',NULL,NULL,NULL,NULL,'2023-05-09 14:28:38',NULL,'nguyenvana','',NULL,NULL),(6,'Thăng Long Tower','145 nguyễn trãi','Phường 3','QUAN_3',NULL,3,400,NULL,NULL,17,'18 triệu/m2',NULL,NULL,NULL,NULL,NULL,NULL,NULL,NULL,NULL,NULL,NULL,'NOI_THAT,NGUYEN_CAN',NULL,NULL,NULL,NULL,NULL,NULL,NULL,NULL,'Thầy Huấn',36547821,NULL),(32,'Nam Minh Building Tower','59 phan xích long','Phường 3','QUAN_1','',2,500,'','',15,'15 triệu/m2','',NULL,NULL,'',NULL,NULL,NULL,NULL,NULL,NULL,NULL,'TANG_TRET,NGUYEN_CAN,NOI_THAT','',NULL,NULL,NULL,'2023-05-08 18:15:01','2023-05-08 18:15:01','nguyenvana','nguyenvana',NULL,NULL,NULL),(33,'test new building','231 truong chinh','nguyen chinh','QUAN_4','ssss',3,299,'','',NULL,'','',NULL,NULL,'',NULL,NULL,NULL,NULL,NULL,NULL,'','TANG_TRET,NGUYEN_CAN','',NULL,NULL,NULL,'2023-05-08 19:21:59','2023-05-08 19:21:59','nguyenvana','nguyenvana',NULL,NULL,NULL),(34,'test0905','nguyen kim','Phường 122','QUAN_2','test ket cau',3,300,'dong nam','vip',NULL,'','',NULL,NULL,'',NULL,NULL,NULL,NULL,NULL,NULL,NULL,'NOI_THAT','ok nhé',NULL,NULL,NULL,'2023-05-09 12:31:21','2023-05-09 12:31:21','nguyenvana','nguyenvana','Thầy giáo Ba',988777666,NULL),(35,'test checked','B','a','QUAN_2','',3,222,'','',NULL,'','',NULL,NULL,'',NULL,NULL,NULL,NULL,NULL,NULL,NULL,'NOI_THAT,NGUYEN_CAN','',NULL,NULL,NULL,NULL,'2023-05-23 22:36:38',NULL,'nguyenvana','Thong',12345,NULL);
/*!40000 ALTER TABLE `building` ENABLE KEYS */;
UNLOCK TABLES;

--
-- Table structure for table `customer`
--

DROP TABLE IF EXISTS `customer`;
/*!40101 SET @saved_cs_client     = @@character_set_client */;
 SET character_set_client = utf8mb4 ;
CREATE TABLE `customer` (
  `id` bigint(20) NOT NULL AUTO_INCREMENT,
  `fullname` varchar(255) DEFAULT NULL,
  `phone` varchar(255) DEFAULT NULL,
  `email` varchar(255) DEFAULT NULL,
  `createddate` datetime DEFAULT NULL,
  `modifieddate` datetime DEFAULT NULL,
  `createdby` varchar(255) DEFAULT NULL,
  `modifiedby` varchar(255) DEFAULT NULL,
  `company` varchar(255) DEFAULT NULL,
  `note` varchar(255) DEFAULT NULL,
  `requirement` varchar(255) DEFAULT NULL,
  PRIMARY KEY (`id`)
) ENGINE=InnoDB AUTO_INCREMENT=3 DEFAULT CHARSET=utf8mb4 COLLATE=utf8mb4_0900_ai_ci;
/*!40101 SET character_set_client = @saved_cs_client */;

--
-- Dumping data for table `customer`
--

LOCK TABLES `customer` WRITE;
/*!40000 ALTER TABLE `customer` DISABLE KEYS */;
INSERT INTO `customer` VALUES (1,'hoangtrrunga','12345 6','thonghihi@gmail.com',NULL,'2023-05-25 15:21:03',NULL,'nguyenvana',NULL,NULL,NULL),(2,'thong đz','46374999','ngueeyen@gmail.com',NULL,'2023-05-25 16:02:02',NULL,'nguyenvana','ggge','ffffe','hie');
/*!40000 ALTER TABLE `customer` ENABLE KEYS */;
UNLOCK TABLES;

--
-- Table structure for table `rentarea`
--

DROP TABLE IF EXISTS `rentarea`;
/*!40101 SET @saved_cs_client     = @@character_set_client */;
 SET character_set_client = utf8mb4 ;
CREATE TABLE `rentarea` (
  `id` bigint(20) NOT NULL AUTO_INCREMENT,
  `value` int(11) DEFAULT NULL,
  `building_id` bigint(20) NOT NULL,
  `createddate` datetime DEFAULT NULL,
  `modifieddate` datetime DEFAULT NULL,
  `createdby` varchar(255) DEFAULT NULL,
  `modifiedby` varchar(255) DEFAULT NULL,
  PRIMARY KEY (`id`),
  KEY `FK2h9n08cj3i1cmi1isfugohoic` (`building_id`),
  CONSTRAINT `FK2h9n08cj3i1cmi1isfugohoic` FOREIGN KEY (`building_id`) REFERENCES `building` (`id`)
) ENGINE=InnoDB AUTO_INCREMENT=25 DEFAULT CHARSET=utf8mb4 COLLATE=utf8mb4_0900_ai_ci;
/*!40101 SET character_set_client = @saved_cs_client */;

--
-- Dumping data for table `rentarea`
--

LOCK TABLES `rentarea` WRITE;
/*!40000 ALTER TABLE `rentarea` DISABLE KEYS */;
INSERT INTO `rentarea` VALUES (1,100,1,NULL,NULL,NULL,NULL),(2,200,1,NULL,NULL,NULL,NULL),(3,200,2,NULL,NULL,NULL,NULL),(4,300,2,NULL,NULL,NULL,NULL),(5,400,2,NULL,NULL,NULL,NULL),(6,300,3,NULL,NULL,NULL,NULL),(7,400,3,NULL,NULL,NULL,NULL),(8,500,3,NULL,NULL,NULL,NULL),(9,100,4,NULL,NULL,NULL,NULL),(10,400,4,NULL,NULL,NULL,NULL),(11,250,4,NULL,NULL,NULL,NULL),(24,700,6,NULL,NULL,NULL,NULL);
/*!40000 ALTER TABLE `rentarea` ENABLE KEYS */;
UNLOCK TABLES;

--
-- Table structure for table `role`
--

DROP TABLE IF EXISTS `role`;
/*!40101 SET @saved_cs_client     = @@character_set_client */;
 SET character_set_client = utf8mb4 ;
CREATE TABLE `role` (
  `id` bigint(20) NOT NULL AUTO_INCREMENT,
  `name` varchar(255) NOT NULL,
  `code` varchar(255) NOT NULL,
  `createddate` datetime DEFAULT NULL,
  `modifieddate` datetime DEFAULT NULL,
  `createdby` varchar(255) DEFAULT NULL,
  `modifiedby` varchar(255) DEFAULT NULL,
  PRIMARY KEY (`id`),
  UNIQUE KEY `UK_c36say97xydpmgigg38qv5l2p` (`code`)
) ENGINE=InnoDB AUTO_INCREMENT=3 DEFAULT CHARSET=utf8mb4 COLLATE=utf8mb4_0900_ai_ci;
/*!40101 SET character_set_client = @saved_cs_client */;

--
-- Dumping data for table `role`
--

LOCK TABLES `role` WRITE;
/*!40000 ALTER TABLE `role` DISABLE KEYS */;
INSERT INTO `role` VALUES (1,'Quan lý','MANAGER',NULL,NULL,NULL,NULL),(2,'Nhân viên','STAFF',NULL,NULL,NULL,NULL);
/*!40000 ALTER TABLE `role` ENABLE KEYS */;
UNLOCK TABLES;

--
-- Table structure for table `transaction`
--

DROP TABLE IF EXISTS `transaction`;
/*!40101 SET @saved_cs_client     = @@character_set_client */;
 SET character_set_client = utf8mb4 ;
CREATE TABLE `transaction` (
  `id` bigint(20) NOT NULL AUTO_INCREMENT,
  `code` varchar(255) DEFAULT NULL,
  `note` varchar(255) DEFAULT NULL,
  `customer_id` bigint(20) DEFAULT NULL,
  `staffid` varchar(255) DEFAULT NULL,
  `createddate` datetime DEFAULT NULL,
  `modifieddate` datetime DEFAULT NULL,
  `createdby` varchar(255) DEFAULT NULL,
  `modifiedby` varchar(255) DEFAULT NULL,
  PRIMARY KEY (`id`),
  KEY `FKnbpjofb5abhjg5hiovi0t3k57` (`customer_id`),
  CONSTRAINT `FKnbpjofb5abhjg5hiovi0t3k57` FOREIGN KEY (`customer_id`) REFERENCES `customer` (`id`)
) ENGINE=InnoDB DEFAULT CHARSET=utf8mb4 COLLATE=utf8mb4_0900_ai_ci;
/*!40101 SET character_set_client = @saved_cs_client */;

--
-- Dumping data for table `transaction`
--

LOCK TABLES `transaction` WRITE;
/*!40000 ALTER TABLE `transaction` DISABLE KEYS */;
/*!40000 ALTER TABLE `transaction` ENABLE KEYS */;
UNLOCK TABLES;

--
-- Table structure for table `user`
--

DROP TABLE IF EXISTS `user`;
/*!40101 SET @saved_cs_client     = @@character_set_client */;
 SET character_set_client = utf8mb4 ;
CREATE TABLE `user` (
  `id` bigint(20) NOT NULL AUTO_INCREMENT,
  `username` varchar(255) NOT NULL,
  `password` varchar(255) NOT NULL,
  `fullname` varchar(255) NOT NULL,
  `phone` varchar(255) DEFAULT NULL,
  `email` varchar(255) DEFAULT NULL,
  `status` int(11) NOT NULL,
  `createdby` varchar(255) DEFAULT NULL,
  `createddate` datetime DEFAULT NULL,
  `modifiedby` varchar(255) DEFAULT NULL,
  `modifieddate` datetime DEFAULT NULL,
  PRIMARY KEY (`id`),
  UNIQUE KEY `UK_sb8bbouer5wak8vyiiy4pf2bx` (`username`),
  UNIQUE KEY `UK_ob8kqyqqgmefl0aco34akdtpe` (`email`),
  UNIQUE KEY `UK_589idila9li6a4arw1t8ht1gx` (`phone`)
) ENGINE=InnoDB AUTO_INCREMENT=5 DEFAULT CHARSET=utf8mb4 COLLATE=utf8mb4_0900_ai_ci;
/*!40101 SET character_set_client = @saved_cs_client */;

--
-- Dumping data for table `user`
--

LOCK TABLES `user` WRITE;
/*!40000 ALTER TABLE `user` DISABLE KEYS */;
INSERT INTO `user` VALUES (1,'nguyenvana','$2a$10$/RUbuT9KIqk6f8enaTQiLOXzhnUkiwEJRdtzdrMXXwU7dgnLKTCYG','nguyen van a',NULL,NULL,1,NULL,NULL,NULL,NULL),(2,'nguyenvanb','$2a$10$/RUbuT9KIqk6f8enaTQiLOXzhnUkiwEJRdtzdrMXXwU7dgnLKTCYG','nguyen van b',NULL,NULL,1,NULL,NULL,NULL,NULL),(3,'nguyenvanc','$2a$10$/RUbuT9KIqk6f8enaTQiLOXzhnUkiwEJRdtzdrMXXwU7dgnLKTCYG','nguyen van c',NULL,NULL,1,NULL,NULL,NULL,NULL),(4,'nguyenvand','$2a$10$/RUbuT9KIqk6f8enaTQiLOXzhnUkiwEJRdtzdrMXXwU7dgnLKTCYG','nguyen van d',NULL,NULL,1,NULL,NULL,NULL,NULL);
/*!40000 ALTER TABLE `user` ENABLE KEYS */;
UNLOCK TABLES;

--
-- Table structure for table `user_role`
--

DROP TABLE IF EXISTS `user_role`;
/*!40101 SET @saved_cs_client     = @@character_set_client */;
 SET character_set_client = utf8mb4 ;
CREATE TABLE `user_role` (
  `id` bigint(20) NOT NULL AUTO_INCREMENT,
  `role_id` bigint(20) NOT NULL,
  `user_id` bigint(20) NOT NULL,
  `createdby` varchar(255) DEFAULT NULL,
  `createddate` datetime DEFAULT NULL,
  `modifiedby` varchar(255) DEFAULT NULL,
  `modifieddate` datetime DEFAULT NULL,
  PRIMARY KEY (`id`),
  KEY `FKa68196081fvovjhkek5m97n3y` (`role_id`),
  KEY `FK859n2jvi8ivhui0rl0esws6o` (`user_id`),
  CONSTRAINT `FK859n2jvi8ivhui0rl0esws6o` FOREIGN KEY (`user_id`) REFERENCES `user` (`id`),
  CONSTRAINT `FKa68196081fvovjhkek5m97n3y` FOREIGN KEY (`role_id`) REFERENCES `role` (`id`)
) ENGINE=InnoDB AUTO_INCREMENT=5 DEFAULT CHARSET=utf8mb4 COLLATE=utf8mb4_0900_ai_ci;
/*!40101 SET character_set_client = @saved_cs_client */;

--
-- Dumping data for table `user_role`
--

LOCK TABLES `user_role` WRITE;
/*!40000 ALTER TABLE `user_role` DISABLE KEYS */;
INSERT INTO `user_role` VALUES (1,1,1,NULL,NULL,NULL,NULL),(2,2,2,NULL,NULL,NULL,NULL),(3,2,3,NULL,NULL,NULL,NULL),(4,2,4,NULL,NULL,NULL,NULL);
/*!40000 ALTER TABLE `user_role` ENABLE KEYS */;
UNLOCK TABLES;
/*!40103 SET TIME_ZONE=@OLD_TIME_ZONE */;

/*!40101 SET SQL_MODE=@OLD_SQL_MODE */;
/*!40014 SET FOREIGN_KEY_CHECKS=@OLD_FOREIGN_KEY_CHECKS */;
/*!40014 SET UNIQUE_CHECKS=@OLD_UNIQUE_CHECKS */;
/*!40101 SET CHARACTER_SET_CLIENT=@OLD_CHARACTER_SET_CLIENT */;
/*!40101 SET CHARACTER_SET_RESULTS=@OLD_CHARACTER_SET_RESULTS */;
/*!40101 SET COLLATION_CONNECTION=@OLD_COLLATION_CONNECTION */;
/*!40111 SET SQL_NOTES=@OLD_SQL_NOTES */;

-- Dump completed on 2023-05-25 16:03:09
